Industry,Lead_Source,Amount,Days_In_Pipeline,Competitor_Present,IsWon
Health,Partner,20700,84,true,true
Energy,Web,19200,75,true,false
Retail,Web,4900,56,false,true
Tech,Referral,3500,106,true,false
Energy,Web,30000,75,false,true
Retail,Web,29000,110,true,true
Retail,Web,29700,40,true,true
Energy,Partner,19500,13,true,false
Energy,Partner,25900,88,false,false
Finance,Referral,19000,39,true,false
Retail,Web,29900,39,false,false
Finance,Event,31600,10,true,false
Retail,Event,8200,120,false,false
Tech,Event,17900,89,false,false
Energy,Referral,4000,108,true,false
Finance,Web,3600,94,false,false
Finance,Event,37100,50,false,true
Finance,Event,9100,79,true,false
Retail,Event,7100,95,true,false
Finance,Web,9000,58,false,false
Retail,Referral,44700,71,false,false
Health,Referral,49500,30,true,true
Retail,Partner,34200,30,true,false
Energy,Partner,13900,37,true,true
Energy,Event,31700,73,false,false
Energy,Web,23800,116,false,false
Finance,Web,25100,82,false,true
Tech,Partner,23000,21,true,false
Tech,Web,500,73,true,false
Health,Web,4100,112,true,false
Retail,Event,49400,45,false,false
Tech,Referral,24300,62,false,false
Retail,Web,38800,44,false,false
Retail,Web,11000,68,false,true
Energy,Web,39300,68,false,false
Tech,Event,27000,47,true,false
Retail,Event,33000,29,true,false
Finance,Partner,10700,67,false,false
Tech,Web,40900,36,false,true
Energy,Event,23300,104,false,false
Health,Web,11700,14,true,false
Health,Partner,25200,80,true,false
Health,Web,43200,85,true,false
Retail,Referral,46000,23,false,false
Health,Web,41500,93,false,false
Tech,Partner,9200,17,true,true
Finance,Partner,31800,106,false,false
Health,Partner,28500,71,true,true
Tech,Partner,22700,112,true,false
Retail,Web,13300,28,false,false
Energy,Event,13700,70,false,false
Tech,Event,46400,59,false,false
Energy,Partner,27700,20,true,false
Retail,Web,40200,103,true,true
Finance,Web,28900,8,false,false
Energy,Referral,40600,100,true,false
Tech,Partner,10200,36,true,false
Energy,Referral,29200,4,true,false
Energy,Partner,35900,36,false,false
Finance,Partner,36200,67,false,false
Retail,Referral,7500,54,true,false
Health,Web,34800,31,false,true
Health,Web,46400,100,true,false
Health,Partner,13400,114,true,false
Retail,Web,20800,114,false,true
Retail,Partner,36600,56,false,false
Retail,Event,16800,12,false,true
Energy,Referral,23000,91,true,false
Energy,Event,26700,9,true,false
Retail,Web,4800,34,false,true
Retail,Event,39100,17,false,false
Health,Referral,8100,69,false,false
Tech,Event,3400,103,true,false
Tech,Event,48500,3,true,false
Tech,Partner,3900,34,true,false
Health,Referral,47900,118,false,false
Tech,Partner,48500,15,true,true
Retail,Partner,48200,40,false,false
Retail,Event,23300,65,true,true
Tech,Event,2300,2,true,false
Energy,Partner,26800,61,true,false
Tech,Referral,34100,64,false,false
Health,Partner,12200,44,true,false
Retail,Referral,18200,7,true,true
Health,Referral,8800,8,true,false
Finance,Event,31100,32,false,true
Retail,Partner,14200,58,true,true
Health,Event,13000,5,false,true
Retail,Web,17600,49,true,false
Energy,Partner,13200,65,true,true
Tech,Partner,20900,76,true,false
Health,Event,32700,30,true,false
Energy,Partner,34100,115,false,false
Finance,Partner,15000,93,true,true
Energy,Referral,38000,90,true,false
Energy,Web,42800,88,true,true
Tech,Partner,33100,47,true,false
Finance,Web,32600,3,true,false
Tech,Referral,41300,9,true,false
Tech,Referral,13400,104,true,false
Retail,Partner,12300,95,false,false
Finance,Web,25000,117,false,false
Energy,Partner,4400,77,true,false
Health,Partner,1100,62,true,false
Tech,Partner,35000,63,false,false
Health,Referral,24300,60,true,false
Energy,Partner,16400,11,false,true
Finance,Web,42400,65,false,false
Finance,Partner,47400,120,true,true
Tech,Partner,38700,68,false,false
Retail,Event,45900,15,false,true
Finance,Referral,1700,21,true,false
Finance,Referral,15900,94,true,false
Finance,Event,6600,108,false,true
Health,Referral,6600,119,true,false
Health,Event,19500,9,false,false
Energy,Web,18900,119,false,false
Tech,Event,5700,7,false,false
Retail,Partner,14100,56,false,true
Health,Referral,45700,4,false,false
Energy,Partner,37300,11,true,false
Finance,Referral,31900,97,true,false
Health,Referral,3000,117,true,true
Finance,Event,14900,39,false,false
Health,Referral,34000,31,false,false
Finance,Web,9000,83,true,true
Energy,Referral,28600,29,false,false
Finance,Referral,7600,71,true,true
Retail,Event,28900,12,false,true
Health,Partner,45900,3,false,false
Energy,Partner,19700,35,false,false
Finance,Event,29900,47,true,false
Energy,Partner,5200,35,true,false
Finance,Referral,49300,40,true,true
Finance,Referral,50000,76,false,true
Finance,Referral,23400,32,true,true
Retail,Web,48700,106,false,true
Tech,Web,40500,17,true,false
Tech,Event,49700,17,false,false
Finance,Web,5500,10,false,false
Energy,Partner,20300,34,true,false
Tech,Web,28000,39,false,true
Health,Partner,24800,68,true,false
Tech,Referral,36500,84,false,true
Retail,Referral,45800,87,false,true
Retail,Referral,47800,48,true,false
Health,Referral,19000,88,false,true
Health,Web,11000,64,true,false
Retail,Partner,24300,29,false,false
Health,Web,49200,80,false,false
Retail,Referral,21800,117,true,false
Retail,Referral,3200,28,true,false
Retail,Referral,3100,91,true,true
Finance,Event,38000,15,true,false
Health,Partner,9900,84,false,true
Finance,Event,17400,57,true,true
Tech,Event,4600,45,false,false
Tech,Partner,19900,46,false,false
Finance,Web,3000,91,false,true
Energy,Referral,10300,42,false,false
Finance,Web,32800,53,true,false
Finance,Web,19700,5,false,true
Tech,Event,10400,96,true,false
Health,Event,14400,43,true,true
Health,Event,15700,1,true,true
Retail,Web,24800,92,false,false
Finance,Event,47200,56,false,true
Finance,Partner,900,103,false,false
Retail,Partner,17200,111,false,false
Energy,Web,26700,26,false,false
Retail,Referral,3800,84,true,false
Energy,Event,8700,55,true,false
Health,Web,11100,13,false,false
Finance,Partner,12400,18,false,false
Retail,Web,40400,108,false,true
Energy,Event,19500,33,false,true
Retail,Partner,13000,31,true,true
Energy,Partner,17200,9,false,true
Retail,Partner,33700,104,true,false
Tech,Web,700,61,true,false
Health,Web,45300,38,true,true
Retail,Partner,48100,10,false,false
Retail,Referral,31300,34,true,true
Energy,Event,11600,5,false,false
Tech,Partner,13500,5,true,false
Health,Referral,35200,48,true,false
Tech,Partner,2100,102,false,false
Tech,Referral,5600,102,false,false
Retail,Web,33900,21,false,false
Finance,Event,34600,40,false,false
Health,Event,21700,54,true,false
Health,Partner,20500,94,false,true
Tech,Referral,46600,21,false,true
Tech,Referral,30000,114,false,false
Retail,Partner,1200,7,true,false
Finance,Web,29800,80,false,false
Retail,Partner,18300,37,true,false
Tech,Web,20100,63,true,false
Tech,Referral,16600,7,false,true
Energy,Partner,33200,101,true,false
Energy,Partner,42900,61,true,false
Tech,Referral,48500,67,true,false
Tech,Partner,13100,93,true,true
Energy,Web,34600,108,false,true
Energy,Referral,28600,109,false,false
Health,Partner,22200,50,false,false
Finance,Partner,1600,1,false,false
Finance,Referral,43300,23,false,false
Tech,Partner,18800,56,false,true
Finance,Web,2500,82,true,true
Health,Web,3200,97,false,false
Retail,Web,44300,9,true,true
Finance,Event,49400,104,true,false
Retail,Web,43100,45,false,true
Energy,Event,46800,105,false,true
Energy,Referral,11100,76,false,false
Retail,Event,19500,5,true,true
Retail,Event,35200,42,false,true
Health,Web,39800,68,true,false
Health,Referral,28900,67,true,true
Energy,Referral,38200,103,false,true
Health,Partner,18900,43,true,false
Retail,Web,15600,105,false,false
Energy,Event,38000,1,true,true
Health,Referral,21800,66,false,false
Retail,Referral,12100,79,true,true
Tech,Event,16000,14,false,false
Finance,Event,30600,18,true,false
Finance,Partner,7300,2,true,false
Finance,Web,3700,82,true,false
Health,Referral,42000,34,true,true
Energy,Event,30900,83,false,false
Energy,Referral,13200,22,true,true
Energy,Web,21200,24,true,true
Tech,Web,31800,71,true,true
Retail,Referral,42100,79,true,false
Tech,Event,32500,7,false,false
Tech,Referral,43700,56,false,true
Finance,Partner,12000,14,false,true
Tech,Web,17600,115,false,false
Health,Referral,35600,101,false,true
Retail,Web,45500,65,true,true
Retail,Partner,48800,21,false,true
Finance,Event,31200,31,false,false
Energy,Referral,24600,108,true,false
Finance,Partner,29700,114,false,false
Finance,Web,29400,117,true,true
Tech,Web,5900,80,true,false
Retail,Web,2000,6,true,false
Tech,Web,38200,6,true,false
Health,Partner,42300,105,true,false
Finance,Web,13100,27,true,true
Tech,Web,42700,97,false,false
Retail,Web,41000,97,true,true
Health,Referral,13800,3,false,true
Health,Web,37100,98,false,false
Energy,Referral,44000,37,true,false
Tech,Referral,27000,99,true,false
Tech,Partner,37000,111,true,false
Health,Partner,22800,1,true,true
Tech,Web,18300,63,true,false
Retail,Referral,30800,45,false,false
Retail,Event,42200,28,true,false
Tech,Web,25600,101,true,false
Health,Web,21000,119,false,false
Tech,Referral,45900,83,true,false
Health,Event,22400,116,true,false
Retail,Referral,6900,69,true,false
Health,Partner,44900,108,false,false
Health,Partner,24200,57,false,false
Retail,Event,24100,83,true,false
Health,Event,39100,91,true,false
Retail,Event,31300,67,false,true
Health,Partner,13700,94,true,true
Tech,Partner,20100,20,true,false
Health,Referral,14500,26,true,false
Tech,Event,11000,114,false,false
Tech,Referral,44200,102,false,false
Energy,Event,24200,3,true,true
Finance,Web,38400,32,false,false
Energy,Referral,43800,30,true,false
Tech,Referral,22600,41,false,false
Tech,Referral,12900,101,false,false
Retail,Event,43900,55,false,false
Energy,Referral,27000,87,true,false
Health,Web,20400,107,false,false
Tech,Web,13300,70,true,true
Retail,Event,5600,109,false,false
Finance,Web,33200,102,false,false
Finance,Referral,11200,88,true,false
Tech,Event,33100,8,false,true
Finance,Web,1100,10,false,false
Health,Event,6000,29,false,false
Energy,Partner,41500,51,false,true
Retail,Web,41900,103,true,false
Energy,Partner,42200,19,false,false
Finance,Referral,15500,98,true,false
Finance,Event,40600,109,true,true
Finance,Event,22300,87,true,false
Health,Event,13000,84,false,false
Finance,Referral,32400,82,true,false
Health,Partner,48000,39,false,true
Energy,Event,40600,18,false,false
Tech,Web,11200,10,false,true
Tech,Partner,44200,30,true,false
Health,Partner,11100,116,false,false
Retail,Web,34700,116,false,true
Retail,Web,38400,108,false,false
Tech,Web,14000,54,true,false
Finance,Referral,29000,8,false,false
Retail,Referral,13100,64,true,false
Tech,Partner,43500,42,false,false
Finance,Event,43500,60,false,false
Tech,Partner,33100,47,true,true
Tech,Event,41900,13,false,false
Retail,Web,11400,92,false,false
Health,Web,44600,85,false,false
Energy,Partner,15000,56,false,false
Energy,Web,42800,38,false,false
Finance,Referral,17500,65,false,false
Health,Partner,34000,64,true,false
Health,Event,7000,76,true,false
Tech,Referral,37500,71,false,false
Tech,Referral,15800,14,true,true
Finance,Web,40800,65,false,false
Energy,Web,11300,6,false,false
Retail,Web,34400,24,true,false
Tech,Web,19300,112,true,false
Energy,Event,44600,39,true,false
Health,Web,22500,73,true,false
Energy,Web,42700,16,false,false
Finance,Referral,3900,2,false,false
Retail,Referral,39900,53,true,true
Finance,Partner,46300,20,true,false
Tech,Web,49900,110,true,true
Tech,Partner,24600,3,false,false
Retail,Referral,38000,96,true,false
Health,Partner,37800,98,true,true
Energy,Referral,24000,86,false,false
Tech,Web,1000,8,true,false
Energy,Web,20400,40,false,false
Retail,Referral,31600,8,false,false
Energy,Referral,24500,87,true,true
Tech,Event,49300,83,true,false
Finance,Referral,20200,100,false,false
Energy,Event,15400,36,true,false
Energy,Event,45000,78,true,false
Energy,Event,30400,55,true,false
Finance,Partner,41800,58,false,false
Health,Event,14200,55,true,false
Tech,Event,43100,19,true,true
Energy,Referral,18200,69,true,false
Finance,Referral,10700,101,true,false
Tech,Referral,24300,91,true,false
Energy,Web,41000,50,false,false
Energy,Event,40000,9,true,false
Energy,Event,45800,107,false,false
Energy,Partner,10100,28,true,true
Health,Event,30000,73,false,false
Energy,Partner,13100,6,false,false
Tech,Event,32800,60,true,true
Energy,Web,18100,36,true,true
Retail,Referral,30500,73,true,true
Health,Referral,5400,58,true,true
Tech,Event,10700,24,false,true
Tech,Web,29000,48,false,false
Tech,Referral,47700,16,true,true
Energy,Partner,33300,12,false,true
Retail,Event,49900,31,true,true
Health,Event,3500,116,true,false
Tech,Event,40700,66,false,true
Retail,Event,39100,1,true,false
Health,Referral,39300,84,true,false
Health,Event,20400,16,false,false
Retail,Referral,12700,104,true,false
Tech,Referral,37200,117,true,false
Retail,Partner,4400,120,false,false
Retail,Referral,49500,13,false,false
Tech,Referral,17800,42,true,false
Health,Partner,17400,29,true,true
Finance,Partner,22900,112,true,true
Finance,Partner,8400,4,false,false
Health,Event,41600,22,false,false
Health,Referral,46700,62,true,true
Energy,Web,32800,115,true,false
Health,Web,13600,97,true,false
Finance,Event,12700,119,true,true
Health,Referral,46300,21,true,false
Health,Partner,33200,3,false,false
Health,Partner,23100,1,false,true
Finance,Web,47100,53,true,true
Retail,Partner,43600,24,true,false
Retail,Web,42900,12,false,false
Retail,Partner,7500,79,true,false
Retail,Web,3800,89,false,false
Tech,Event,17600,37,false,true
Finance,Referral,7300,112,false,true
Energy,Event,2300,21,false,false
Tech,Event,27100,120,false,false
Tech,Web,18700,92,true,false
Health,Referral,30000,97,true,true
Tech,Referral,23300,66,true,false
Energy,Partner,1500,32,true,true
Retail,Partner,5700,40,false,false
Tech,Web,5400,119,true,true
Energy,Referral,27200,31,false,true
Tech,Partner,2800,35,true,false
Energy,Event,6100,16,true,false
Retail,Partner,44500,30,true,false
Finance,Referral,8900,106,true,false
Finance,Referral,31000,108,true,false
Tech,Event,17800,52,true,false
Finance,Event,42200,52,true,false
Retail,Event,13200,112,false,false
Tech,Event,6000,68,true,true
Finance,Partner,26300,86,true,true
Finance,Referral,40200,120,false,false
Tech,Web,44800,83,false,false
Energy,Event,32600,70,true,false
Health,Web,27100,2,false,true
Tech,Event,6200,40,false,false
Tech,Web,30900,118,false,true
Energy,Partner,23000,16,true,false
Finance,Event,14500,32,true,false
Health,Referral,31700,89,true,false
Retail,Event,24000,115,false,false
Finance,Event,2000,32,false,true
Energy,Referral,30400,51,true,false
Retail,Partner,17000,72,false,false
Health,Partner,15600,8,true,true
Tech,Event,23000,85,true,false
Finance,Event,38100,98,true,false
Retail,Referral,17700,86,false,true
Retail,Event,42500,108,true,false
Finance,Event,40600,81,true,false
Tech,Web,21500,99,true,false
Energy,Partner,21800,109,false,false
Energy,Web,19900,110,false,false
Health,Event,15400,46,false,false
Energy,Referral,33600,42,true,false
Finance,Referral,23200,39,true,false
Retail,Referral,29900,49,true,true
Health,Event,43600,78,true,false
Retail,Referral,46100,117,true,true
Health,Referral,15800,118,false,false
Finance,Referral,20400,60,false,true
Health,Referral,49000,2,true,false
Tech,Referral,19600,65,false,false
Energy,Partner,45500,25,false,false
Finance,Event,35900,68,true,true
