Id,StageName,Account_Name,Notes__c,Region,Lead_Source,IsWon
006XX0000000000,Closed Won,Account 0,note,NA,Web,true
006XX0000000001,Closed Lost,Account 1,,NA,Web,false
006XX0000000002,Closed Lost,Account 2,note,NA,Partner,false
006XX0000000003,Closed Lost,Account 3,,NA,Partner,false
006XX0000000004,Closed Lost,Account 4,,NA,Partner,false
006XX0000000005,Closed Lost,Account 5,,NA,Web,
006XX0000000006,Closed Lost,Account 6,,NA,Web,
006XX0000000007,Closed Lost,Account 7,,NA,Web,false
006XX0000000008,Closed Lost,Account 8,,NA,Web,false
006XX0000000009,Closed Lost,Account 9,note,NA,Web,false
006XX0000000010,Closed Lost,Account 10,,NA,Web,false
006XX0000000011,Closed Lost,Account 11,,NA,Partner,false
006XX0000000012,Closed Lost,Account 12,,NA,Web,false
006XX0000000013,Closed Lost,Account 13,,NA,Partner,false
006XX0000000014,Closed Lost,Account 14,,NA,Web,false
006XX0000000015,Closed Lost,Account 15,,NA,Web,false
006XX0000000016,Closed Lost,Account 16,note,NA,Partner,false
006XX0000000017,Closed Lost,Account 17,,NA,Web,false
006XX0000000018,Closed Lost,Account 18,,NA,Partner,false
006XX0000000019,Closed Lost,Account 19,,NA,Web,false
006XX0000000020,Closed Lost,Account 20,note,NA,Web,false
006XX0000000021,Closed Lost,Account 21,note,NA,Web,false
006XX0000000022,Closed Lost,Account 22,note,NA,Partner,false
006XX0000000023,Closed Lost,Account 23,,NA,Partner,false
006XX0000000024,Closed Lost,Account 24,,NA,Web,false
006XX0000000025,Closed Lost,Account 25,,NA,Partner,false
006XX0000000026,Closed Lost,Account 26,note,NA,Web,false
006XX0000000027,Closed Lost,Account 27,note,NA,Web,false
006XX0000000028,Closed Lost,Account 28,note,NA,Web,false
006XX0000000029,Closed Lost,Account 29,,NA,Web,false
006XX0000000030,Closed Lost,Account 30,note,NA,Partner,false
006XX0000000031,Closed Lost,Account 31,,NA,Web,false
006XX0000000032,Closed Lost,Account 32,note,NA,Partner,false
006XX0000000033,Closed Lost,Account 33,,NA,Web,false
006XX0000000034,Closed Won,Account 34,,NA,Web,true
006XX0000000035,Closed Lost,Account 35,note,NA,Web,false
006XX0000000036,Closed Lost,Account 36,note,NA,Web,false
006XX0000000037,Closed Lost,Account 37,note,NA,Partner,false
006XX0000000038,Closed Lost,Account 38,note,NA,Partner,false
006XX0000000039,Closed Lost,Account 39,,NA,Partner,false
006XX0000000040,Closed Lost,Account 40,,NA,Web,false
006XX0000000041,Closed Lost,Account 41,note,NA,Partner,false
006XX0000000042,Closed Lost,Account 42,,NA,Web,false
006XX0000000043,Closed Lost,Account 43,,NA,Partner,false
006XX0000000044,Closed Lost,Account 44,,NA,Partner,false
006XX0000000045,Closed Lost,Account 45,note,NA,Web,false
006XX0000000046,Closed Lost,Account 46,note,NA,Web,false
006XX0000000047,Closed Lost,Account 47,note,NA,Web,false
006XX0000000048,Closed Lost,Account 48,note,NA,Partner,false
006XX0000000049,Closed Lost,Account 49,note,NA,Partner,false
006XX0000000050,Closed Lost,Account 50,note,NA,Partner,false
006XX0000000051,Closed Lost,Account 51,note,NA,Web,false
006XX0000000052,Closed Lost,Account 52,,NA,Partner,false
006XX0000000053,Closed Lost,Account 53,,NA,Partner,false
006XX0000000054,Closed Lost,Account 54,,NA,Partner,false
006XX0000000055,Closed Lost,Account 55,note,NA,Partner,false
006XX0000000056,Closed Lost,Account 56,note,NA,Partner,false
006XX0000000057,Closed Lost,Account 57,note,NA,Web,false
006XX0000000058,Closed Lost,Account 58,note,NA,Web,false
006XX0000000059,Closed Lost,Account 59,note,NA,Web,false
006XX0000000060,Closed Lost,Account 60,note,NA,Partner,false
006XX0000000061,Closed Lost,Account 61,,NA,Web,false
006XX0000000062,Closed Lost,Account 62,,NA,Partner,false
006XX0000000063,Closed Lost,Account 63,,NA,Web,false
006XX0000000064,Closed Lost,Account 64,note,NA,Partner,false
006XX0000000065,Closed Lost,Account 65,note,NA,Partner,false
006XX0000000066,Closed Lost,Account 66,note,NA,Web,false
006XX0000000067,Closed Lost,Account 67,note,NA,Partner,false
006XX0000000068,Closed Won,Account 68,,NA,Web,true
006XX0000000069,Closed Lost,Account 69,,NA,Web,false
006XX0000000070,Closed Lost,Account 70,,NA,Partner,false
006XX0000000071,Closed Lost,Account 71,,NA,Partner,false
006XX0000000072,Closed Lost,Account 72,,NA,Partner,false
006XX0000000073,Closed Lost,Account 73,,NA,Partner,false
006XX0000000074,Closed Lost,Account 74,,NA,Web,false
006XX0000000075,Closed Lost,Account 75,note,NA,Web,false
006XX0000000076,Closed Lost,Account 76,,NA,Web,false
006XX0000000077,Closed Lost,Account 77,,NA,Partner,false
006XX0000000078,Closed Lost,Account 78,,NA,Partner,false
006XX0000000079,Closed Lost,Account 79,note,NA,Web,false
006XX0000000080,Closed Lost,Account 80,note,NA,Partner,false
006XX0000000081,Closed Lost,Account 81,,NA,Web,false
006XX0000000082,Closed Lost,Account 82,,NA,Web,false
006XX0000000083,Closed Lost,Account 83,note,NA,Web,false
006XX0000000084,Closed Lost,Account 84,note,NA,Partner,false
006XX0000000085,Closed Lost,Account 85,,NA,Partner,false
006XX0000000086,Closed Lost,Account 86,note,NA,Partner,false
006XX0000000087,Closed Lost,Account 87,note,NA,Partner,false
006XX0000000088,Closed Lost,Account 88,note,NA,Partner,false
006XX0000000089,Closed Lost,Account 89,note,NA,Partner,false
006XX0000000090,Closed Lost,Account 90,,NA,Partner,false
006XX0000000091,Closed Lost,Account 91,,NA,Web,false
006XX0000000092,Closed Lost,Account 92,,NA,Web,false
006XX0000000093,Closed Lost,Account 93,note,NA,Partner,false
006XX0000000094,Closed Lost,Account 94,,NA,Web,false
006XX0000000095,Closed Lost,Account 95,,NA,Partner,false
006XX0000000096,Closed Lost,Account 96,note,NA,Partner,false
006XX0000000097,Closed Lost,Account 97,note,NA,Web,false
006XX0000000098,Closed Lost,Account 98,note,NA,Web,false
006XX0000000099,Closed Lost,Account 99,note,NA,Web,false
006XX0000000100,Closed Lost,Account 100,,NA,Web,false
006XX0000000101,Closed Lost,Account 101,,NA,Web,false
006XX0000000102,Closed Won,Account 102,,NA,Partner,true
006XX0000000103,Closed Lost,Account 103,note,NA,Web,false
006XX0000000104,Closed Lost,Account 104,,NA,Web,false
006XX0000000105,Closed Lost,Account 105,,NA,Web,false
006XX0000000106,Closed Lost,Account 106,,NA,Partner,false
006XX0000000107,Closed Lost,Account 107,,NA,Partner,false
006XX0000000108,Closed Lost,Account 108,,NA,Web,false
006XX0000000109,Closed Lost,Account 109,,NA,Partner,false
006XX0000000110,Closed Lost,Account 110,,NA,Web,false
006XX0000000111,Closed Lost,Account 111,,NA,Web,false
006XX0000000112,Closed Lost,Account 112,note,NA,Partner,false
006XX0000000113,Closed Lost,Account 113,note,NA,Partner,false
006XX0000000114,Closed Lost,Account 114,,NA,Web,false
006XX0000000115,Closed Lost,Account 115,,NA,Partner,false
006XX0000000116,Closed Lost,Account 116,,NA,Web,false
006XX0000000117,Closed Lost,Account 117,note,NA,Web,false
006XX0000000118,Closed Lost,Account 118,note,NA,Partner,false
006XX0000000119,Closed Lost,Account 119,,NA,Partner,false
006XX0000000120,Closed Lost,Account 120,,NA,Partner,false
006XX0000000121,Closed Lost,Account 121,,NA,Web,false
006XX0000000122,Closed Lost,Account 122,,NA,Web,false
006XX0000000123,Closed Lost,Account 123,,NA,Web,false
006XX0000000124,Closed Lost,Account 124,note,NA,Partner,false
006XX0000000125,Closed Lost,Account 125,note,NA,Web,false
006XX0000000126,Closed Lost,Account 126,,NA,Web,false
006XX0000000127,Closed Lost,Account 127,,NA,Web,false
006XX0000000128,Closed Lost,Account 128,,NA,Web,false
006XX0000000129,Closed Lost,Account 129,note,NA,Partner,false
006XX0000000130,Closed Lost,Account 130,note,NA,Partner,false
006XX0000000131,Closed Lost,Account 131,note,NA,Partner,false
006XX0000000132,Closed Lost,Account 132,,NA,Web,false
006XX0000000133,Closed Lost,Account 133,,NA,Web,false
006XX0000000134,Closed Lost,Account 134,,NA,Partner,false
006XX0000000135,Closed Lost,Account 135,note,NA,Partner,false
006XX0000000136,Closed Won,Account 136,,NA,Web,true
006XX0000000137,Closed Lost,Account 137,,NA,Web,false
006XX0000000138,Closed Lost,Account 138,,NA,Web,false
006XX0000000139,Closed Lost,Account 139,note,NA,Web,false
006XX0000000140,Closed Lost,Account 140,,NA,Web,false
006XX0000000141,Closed Lost,Account 141,,NA,Web,false
006XX0000000142,Closed Lost,Account 142,,NA,Partner,false
006XX0000000143,Closed Lost,Account 143,,NA,Partner,false
006XX0000000144,Closed Lost,Account 144,,NA,Web,false
006XX0000000145,Closed Lost,Account 145,,NA,Web,false
006XX0000000146,Closed Lost,Account 146,note,NA,Web,false
006XX0000000147,Closed Lost,Account 147,note,NA,Partner,false
006XX0000000148,Closed Lost,Account 148,note,NA,Web,false
006XX0000000149,Closed Lost,Account 149,,NA,Partner,false
006XX0000000150,Closed Lost,Account 150,,NA,Web,false
006XX0000000151,Closed Lost,Account 151,note,NA,Partner,false
006XX0000000152,Closed Lost,Account 152,,NA,Partner,false
006XX0000000153,Closed Lost,Account 153,note,NA,Web,false
006XX0000000154,Closed Lost,Account 154,note,NA,Partner,false
006XX0000000155,Closed Lost,Account 155,,NA,Partner,false
006XX0000000156,Closed Lost,Account 156,note,NA,Partner,false
006XX0000000157,Closed Lost,Account 157,,NA,Partner,false
006XX0000000158,Closed Lost,Account 158,note,NA,Partner,false
006XX0000000159,Closed Lost,Account 159,,NA,Partner,false
006XX0000000160,Closed Lost,Account 160,note,NA,Partner,false
006XX0000000161,Closed Lost,Account 161,note,NA,Web,false
006XX0000000162,Closed Lost,Account 162,,NA,Partner,false
006XX0000000163,Closed Lost,Account 163,,NA,Web,false
006XX0000000164,Closed Lost,Account 164,note,NA,Web,false
006XX0000000165,Closed Lost,Account 165,note,NA,Partner,false
006XX0000000166,Closed Lost,Account 166,,NA,Partner,false
006XX0000000167,Closed Lost,Account 167,note,NA,Web,false
006XX0000000168,Closed Lost,Account 168,note,NA,Partner,false
006XX0000000169,Closed Lost,Account 169,,NA,Partner,false
006XX0000000170,Closed Won,Account 170,note,NA,Partner,true
006XX0000000171,Closed Lost,Account 171,note,NA,Partner,false
006XX0000000172,Closed Lost,Account 172,note,NA,Partner,false
006XX0000000173,Closed Lost,Account 173,,NA,Partner,false
006XX0000000174,Closed Lost,Account 174,note,NA,Web,false
006XX0000000175,Closed Lost,Account 175,note,NA,Partner,false
006XX0000000176,Closed Lost,Account 176,,NA,Web,false
006XX0000000177,Closed Lost,Account 177,,NA,Partner,false
006XX0000000178,Closed Lost,Account 178,,NA,Partner,false
006XX0000000179,Closed Lost,Account 179,,NA,Web,false
006XX0000000180,Closed Lost,Account 180,note,NA,Web,false
006XX0000000181,Closed Lost,Account 181,note,NA,Partner,false
006XX0000000182,Closed Lost,Account 182,,NA,Partner,false
006XX0000000183,Closed Lost,Account 183,note,NA,Web,false
006XX0000000184,Closed Lost,Account 184,,NA,Partner,false
006XX0000000185,Closed Lost,Account 185,note,NA,Partner,false
006XX0000000186,Closed Lost,Account 186,note,NA,Partner,false
006XX0000000187,Closed Lost,Account 187,note,NA,Web,false
006XX0000000188,Closed Lost,Account 188,,NA,Partner,false
006XX0000000189,Closed Lost,Account 189,,NA,Web,false
006XX0000000190,Closed Lost,Account 190,,NA,Web,false
006XX0000000191,Closed Lost,Account 191,,NA,Web,false
006XX0000000192,Closed Lost,Account 192,note,NA,Web,false
006XX0000000193,Closed Lost,Account 193,,NA,Partner,false
006XX0000000194,Closed Lost,Account 194,,NA,Partner,false
006XX0000000195,Closed Lost,Account 195,note,NA,Partner,false
006XX0000000196,Closed Lost,Account 196,,NA,Partner,false
006XX0000000197,Closed Lost,Account 197,,NA,Web,false
006XX0000000198,Closed Lost,Account 198,,NA,Web,false
006XX0000000199,Closed Lost,Account 199,,NA,Web,false
006XX0000000200,Closed Lost,Account 200,,NA,Partner,false
006XX0000000201,Closed Lost,Account 201,,NA,Partner,false
006XX0000000202,Closed Lost,Account 202,,NA,Partner,false
006XX0000000203,Closed Lost,Account 203,,NA,Partner,false
006XX0000000204,Closed Won,Account 204,,NA,Web,true
006XX0000000205,Closed Lost,Account 205,note,NA,Partner,false
006XX0000000206,Closed Lost,Account 206,,NA,Web,false
006XX0000000207,Closed Lost,Account 207,,NA,Web,false
006XX0000000208,Closed Lost,Account 208,,NA,Partner,false
006XX0000000209,Closed Lost,Account 209,,NA,Web,false
006XX0000000210,Closed Lost,Account 210,,NA,Partner,false
006XX0000000211,Closed Lost,Account 211,,NA,Partner,false
006XX0000000212,Closed Lost,Account 212,note,NA,Web,false
006XX0000000213,Closed Lost,Account 213,,NA,Partner,false
006XX0000000214,Closed Lost,Account 214,note,NA,Web,false
006XX0000000215,Closed Lost,Account 215,note,NA,Web,false
006XX0000000216,Closed Lost,Account 216,,NA,Web,false
006XX0000000217,Closed Lost,Account 217,note,NA,Partner,false
006XX0000000218,Closed Lost,Account 218,,NA,Web,false
006XX0000000219,Closed Lost,Account 219,,NA,Partner,false
006XX0000000220,Closed Lost,Account 220,,NA,Web,false
006XX0000000221,Closed Lost,Account 221,,NA,Web,false
006XX0000000222,Closed Lost,Account 222,,NA,Web,false
006XX0000000223,Closed Lost,Account 223,,NA,Web,false
006XX0000000224,Closed Lost,Account 224,,NA,Web,false
006XX0000000225,Closed Lost,Account 225,,NA,Web,false
006XX0000000226,Closed Lost,Account 226,,NA,Web,false
006XX0000000227,Closed Lost,Account 227,,NA,Web,false
006XX0000000228,Closed Lost,Account 228,,NA,Partner,false
006XX0000000229,Closed Lost,Account 229,,NA,Web,false
006XX0000000230,Closed Lost,Account 230,,NA,Web,false
006XX0000000231,Closed Lost,Account 231,note,NA,Web,false
006XX0000000232,Closed Lost,Account 232,,NA,Web,false
006XX0000000233,Closed Lost,Account 233,note,NA,Web,false
006XX0000000234,Closed Lost,Account 234,,NA,Web,false
006XX0000000235,Closed Lost,Account 235,,NA,Web,false
006XX0000000236,Closed Lost,Account 236,,NA,Partner,false
006XX0000000237,Closed Lost,Account 237,,NA,Web,false
006XX0000000238,Closed Won,Account 238,,NA,Web,true
006XX0000000239,Closed Lost,Account 239,,NA,Partner,false
006XX0000000240,Closed Lost,Account 240,note,NA,Partner,false
006XX0000000241,Closed Lost,Account 241,,NA,Web,false
006XX0000000242,Closed Lost,Account 242,,NA,Web,false
006XX0000000243,Closed Lost,Account 243,note,NA,Partner,false
006XX0000000244,Closed Lost,Account 244,,NA,Web,false
006XX0000000245,Closed Lost,Account 245,,NA,Partner,false
006XX0000000246,Closed Lost,Account 246,note,NA,Partner,false
006XX0000000247,Closed Lost,Account 247,,NA,Web,false
006XX0000000248,Closed Lost,Account 248,note,NA,Web,false
006XX0000000249,Closed Lost,Account 249,note,NA,Web,false
006XX0000000250,Closed Lost,Account 250,,NA,Web,false
006XX0000000251,Closed Lost,Account 251,,NA,Partner,false
006XX0000000252,Closed Lost,Account 252,note,NA,Web,false
006XX0000000253,Closed Lost,Account 253,,NA,Web,false
006XX0000000254,Closed Lost,Account 254,,NA,Web,false
006XX0000000255,Closed Lost,Account 255,note,NA,Partner,false
006XX0000000256,Closed Lost,Account 256,,NA,Partner,false
006XX0000000257,Closed Lost,Account 257,,NA,Partner,false
006XX0000000258,Closed Lost,Account 258,,NA,Partner,false
006XX0000000259,Closed Lost,Account 259,,NA,Web,false
006XX0000000260,Closed Lost,Account 260,note,NA,Web,false
006XX0000000261,Closed Lost,Account 261,,NA,Partner,false
006XX0000000262,Closed Lost,Account 262,,NA,Web,false
006XX0000000263,Closed Lost,Account 263,note,NA,Partner,false
006XX0000000264,Closed Lost,Account 264,,NA,Web,false
006XX0000000265,Closed Lost,Account 265,,NA,Partner,false
006XX0000000266,Closed Lost,Account 266,note,NA,Web,false
006XX0000000267,Closed Lost,Account 267,note,NA,Web,false
006XX0000000268,Closed Lost,Account 268,note,NA,Web,false
006XX0000000269,Closed Lost,Account 269,,NA,Web,false
006XX0000000270,Closed Lost,Account 270,note,NA,Partner,false
006XX0000000271,Closed Lost,Account 271,,NA,Partner,false
006XX0000000272,Closed Won,Account 272,,NA,Partner,true
006XX0000000273,Closed Lost,Account 273,,NA,Partner,false
006XX0000000274,Closed Lost,Account 274,note,NA,Partner,false
006XX0000000275,Closed Lost,Account 275,note,NA,Web,false
006XX0000000276,Closed Lost,Account 276,note,NA,Web,false
006XX0000000277,Closed Lost,Account 277,,NA,Web,false
006XX0000000278,Closed Lost,Account 278,note,NA,Partner,false
006XX0000000279,Closed Lost,Account 279,note,NA,Partner,false
006XX0000000280,Closed Lost,Account 280,note,NA,Web,false
006XX0000000281,Closed Lost,Account 281,,NA,Web,false
006XX0000000282,Closed Lost,Account 282,,NA,Web,false
006XX0000000283,Closed Lost,Account 283,,NA,Partner,false
006XX0000000284,Closed Lost,Account 284,,NA,Web,false
006XX0000000285,Closed Lost,Account 285,note,NA,Partner,false
006XX0000000286,Closed Lost,Account 286,,NA,Web,false
006XX0000000287,Closed Lost,Account 287,,NA,Web,false
006XX0000000288,Closed Lost,Account 288,,NA,Partner,false
006XX0000000289,Closed Lost,Account 289,,NA,Partner,false
006XX0000000290,Closed Lost,Account 290,,NA,Web,false
006XX0000000291,Closed Lost,Account 291,note,NA,Partner,false
006XX0000000292,Closed Lost,Account 292,note,NA,Partner,false
006XX0000000293,Closed Lost,Account 293,,NA,Partner,false
006XX0000000294,Closed Lost,Account 294,,NA,Web,false
006XX0000000295,Closed Lost,Account 295,,NA,Partner,false
006XX0000000296,Closed Lost,Account 296,note,NA,Web,false
006XX0000000297,Closed Lost,Account 297,note,NA,Partner,false
006XX0000000298,Closed Lost,Account 298,,NA,Partner,false
006XX0000000299,Closed Lost,Account 299,,NA,Partner,false
006XX0000000300,Closed Lost,Account 0,,NA,Web,false
006XX0000000301,Closed Lost,Account 1,note,NA,Partner,false
006XX0000000302,Closed Lost,Account 2,note,NA,Partner,false
006XX0000000303,Closed Lost,Account 3,note,NA,Web,false
006XX0000000304,Closed Lost,Account 4,,NA,Web,false
006XX0000000305,Closed Lost,Account 5,,NA,Partner,false
006XX0000000306,Closed Won,Account 6,,NA,Partner,true
006XX0000000307,Closed Lost,Account 7,note,NA,Partner,false
006XX0000000308,Closed Lost,Account 8,,NA,Web,false
006XX0000000309,Closed Lost,Account 9,,NA,Partner,false
006XX0000000310,Closed Lost,Account 10,,NA,Partner,false
006XX0000000311,Closed Lost,Account 11,,NA,Web,false
006XX0000000312,Closed Lost,Account 12,,NA,Partner,false
006XX0000000313,Closed Lost,Account 13,note,NA,Web,false
006XX0000000314,Closed Lost,Account 14,note,NA,Partner,false
006XX0000000315,Closed Lost,Account 15,,NA,Partner,false
006XX0000000316,Closed Lost,Account 16,,NA,Web,false
006XX0000000317,Closed Lost,Account 17,note,NA,Web,false
006XX0000000318,Closed Lost,Account 18,,NA,Web,false
006XX0000000319,Closed Lost,Account 19,note,NA,Partner,false
006XX0000000320,Closed Lost,Account 20,,NA,Web,false
006XX0000000321,Closed Lost,Account 21,note,NA,Web,false
006XX0000000322,Closed Lost,Account 22,,NA,Web,false
006XX0000000323,Closed Lost,Account 23,note,NA,Partner,false
006XX0000000324,Closed Lost,Account 24,,NA,Web,false
006XX0000000325,Closed Lost,Account 25,,NA,Partner,false
006XX0000000326,Closed Lost,Account 26,,NA,Partner,false
006XX0000000327,Closed Lost,Account 27,note,NA,Partner,false
006XX0000000328,Closed Lost,Account 28,,NA,Web,false
006XX0000000329,Closed Lost,Account 29,,NA,Partner,false
006XX0000000330,Closed Lost,Account 30,,NA,Partner,false
006XX0000000331,Closed Lost,Account 31,note,NA,Partner,false
006XX0000000332,Closed Lost,Account 32,,NA,Web,false
006XX0000000333,Closed Lost,Account 33,,NA,Partner,false
006XX0000000334,Closed Lost,Account 34,note,NA,Partner,false
006XX0000000335,Closed Lost,Account 35,note,NA,Web,false
006XX0000000336,Closed Lost,Account 36,note,NA,Web,false
006XX0000000337,Closed Lost,Account 37,,NA,Web,false
006XX0000000338,Closed Lost,Account 38,note,NA,Partner,false
006XX0000000339,Closed Lost,Account 39,,NA,Web,false
006XX0000000340,Closed Won,Account 40,,NA,Partner,true
006XX0000000341,Closed Lost,Account 41,note,NA,Partner,false
006XX0000000342,Closed Lost,Account 42,,NA,Partner,false
006XX0000000343,Closed Lost,Account 43,,NA,Partner,false
006XX0000000344,Closed Lost,Account 44,,NA,Partner,false
006XX0000000345,Closed Lost,Account 45,,NA,Partner,false
006XX0000000346,Closed Lost,Account 46,,NA,Partner,false
006XX0000000347,Closed Lost,Account 47,note,NA,Web,false
006XX0000000348,Closed Lost,Account 48,,NA,Web,false
006XX0000000349,Closed Lost,Account 49,,NA,Partner,false
006XX0000000350,Closed Lost,Account 50,note,NA,Web,false
006XX0000000351,Closed Lost,Account 51,,NA,Web,false
006XX0000000352,Closed Lost,Account 52,,NA,Web,false
006XX0000000353,Closed Lost,Account 53,note,NA,Web,false
006XX0000000354,Closed Lost,Account 54,,NA,Web,false
006XX0000000355,Closed Lost,Account 55,note,NA,Partner,false
006XX0000000356,Closed Lost,Account 56,,NA,Web,false
006XX0000000357,Closed Lost,Account 57,,NA,Web,false
006XX0000000358,Closed Lost,Account 58,,NA,Partner,false
006XX0000000359,Closed Lost,Account 59,,NA,Web,false
006XX0000000360,Closed Lost,Account 60,,NA,Partner,false
006XX0000000361,Closed Lost,Account 61,note,NA,Partner,false
006XX0000000362,Closed Lost,Account 62,,NA,Partner,false
006XX0000000363,Closed Lost,Account 63,,NA,Partner,false
006XX0000000364,Closed Lost,Account 64,,NA,Web,false
006XX0000000365,Closed Lost,Account 65,note,NA,Web,false
006XX0000000366,Closed Lost,Account 66,note,NA,Partner,false
006XX0000000367,Closed Lost,Account 67,,NA,Partner,false
006XX0000000368,Closed Lost,Account 68,note,NA,Partner,false
006XX0000000369,Closed Lost,Account 69,,NA,Partner,false
006XX0000000370,Closed Lost,Account 70,,NA,Web,false
006XX0000000371,Closed Lost,Account 71,note,NA,Web,false
006XX0000000372,Closed Lost,Account 72,note,NA,Partner,false
006XX0000000373,Closed Lost,Account 73,note,NA,Partner,false
006XX0000000374,Closed Won,Account 74,note,NA,Partner,true
006XX0000000375,Closed Lost,Account 75,,NA,Partner,false
006XX0000000376,Closed Lost,Account 76,,NA,Partner,false
006XX0000000377,Closed Lost,Account 77,note,NA,Web,false
006XX0000000378,Closed Lost,Account 78,,NA,Partner,false
006XX0000000379,Closed Lost,Account 79,,NA,Web,false
006XX0000000380,Closed Lost,Account 80,,NA,Partner,false
006XX0000000381,Closed Lost,Account 81,note,NA,Web,false
006XX0000000382,Closed Lost,Account 82,,NA,Web,false
006XX0000000383,Closed Lost,Account 83,note,NA,Partner,false
006XX0000000384,Closed Lost,Account 84,note,NA,Web,false
006XX0000000385,Closed Lost,Account 85,,NA,Web,false
006XX0000000386,Closed Lost,Account 86,,NA,Partner,false
006XX0000000387,Closed Lost,Account 87,note,NA,Partner,false
006XX0000000388,Closed Lost,Account 88,note,NA,Web,false
006XX0000000389,Closed Lost,Account 89,,NA,Partner,false
006XX0000000390,Closed Lost,Account 90,,NA,Web,false
006XX0000000391,Closed Lost,Account 91,note,NA,Web,false
006XX0000000392,Closed Lost,Account 92,note,NA,Partner,false
006XX0000000393,Closed Lost,Account 93,note,NA,Partner,false
006XX0000000394,Closed Lost,Account 94,note,NA,Web,false
006XX0000000395,Closed Lost,Account 95,,NA,Partner,false
006XX0000000396,Closed Lost,Account 96,note,NA,Partner,false
006XX0000000397,Closed Lost,Account 97,,NA,Partner,false
006XX0000000398,Closed Lost,Account 98,,NA,Web,false
006XX0000000399,Closed Lost,Account 99,,NA,Web,false
006XX0000000400,Closed Lost,Account 100,,NA,Web,false
006XX0000000401,Closed Lost,Account 101,note,NA,Web,false
006XX0000000402,Closed Lost,Account 102,,NA,Web,false
006XX0000000403,Closed Lost,Account 103,,NA,Web,false
006XX0000000404,Closed Lost,Account 104,,NA,Partner,false
006XX0000000405,Closed Lost,Account 105,note,NA,Web,false
006XX0000000406,Closed Lost,Account 106,note,NA,Partner,false
006XX0000000407,Closed Lost,Account 107,,NA,Partner,false
006XX0000000408,Closed Won,Account 108,note,NA,Web,true
006XX0000000409,Closed Lost,Account 109,,NA,Web,false
006XX0000000410,Closed Lost,Account 110,,NA,Web,false
006XX0000000411,Closed Lost,Account 111,,NA,Partner,false
006XX0000000412,Closed Lost,Account 112,,NA,Web,false
006XX0000000413,Closed Lost,Account 113,note,NA,Web,false
006XX0000000414,Closed Lost,Account 114,,NA,Web,false
006XX0000000415,Closed Lost,Account 115,,NA,Partner,false
006XX0000000416,Closed Lost,Account 116,,NA,Web,false
006XX0000000417,Closed Lost,Account 117,note,NA,Web,false
006XX0000000418,Closed Lost,Account 118,,NA,Web,false
006XX0000000419,Closed Lost,Account 119,,NA,Partner,false
006XX0000000420,Closed Lost,Account 120,,NA,Partner,false
006XX0000000421,Closed Lost,Account 121,note,NA,Partner,false
006XX0000000422,Closed Lost,Account 122,,NA,Partner,false
006XX0000000423,Closed Lost,Account 123,,NA,Partner,false
006XX0000000424,Closed Lost,Account 124,,NA,Partner,false
006XX0000000425,Closed Lost,Account 125,note,NA,Partner,false
006XX0000000426,Closed Lost,Account 126,,NA,Partner,false
006XX0000000427,Closed Lost,Account 127,,NA,Partner,false
006XX0000000428,Closed Lost,Account 128,,NA,Partner,false
006XX0000000429,Closed Lost,Account 129,,NA,Web,false
006XX0000000430,Closed Lost,Account 130,note,NA,Partner,false
006XX0000000431,Closed Lost,Account 131,,NA,Partner,false
006XX0000000432,Closed Lost,Account 132,,NA,Web,false
006XX0000000433,Closed Lost,Account 133,,NA,Web,false
006XX0000000434,Closed Lost,Account 134,,NA,Web,false
006XX0000000435,Closed Lost,Account 135,,NA,Web,false
006XX0000000436,Closed Lost,Account 136,,NA,Partner,false
006XX0000000437,Closed Lost,Account 137,,NA,Partner,false
006XX0000000438,Closed Lost,Account 138,,NA,Partner,false
006XX0000000439,Closed Lost,Account 139,,NA,Web,false
006XX0000000440,Closed Lost,Account 140,,NA,Partner,false
006XX0000000441,Closed Lost,Account 141,,NA,Partner,false
006XX0000000442,Closed Won,Account 142,note,NA,Partner,true
006XX0000000443,Closed Lost,Account 143,note,NA,Web,false
006XX0000000444,Closed Lost,Account 144,note,NA,Partner,false
006XX0000000445,Closed Lost,Account 145,,NA,Partner,false
006XX0000000446,Closed Lost,Account 146,note,NA,Web,false
006XX0000000447,Closed Lost,Account 147,,NA,Partner,false
006XX0000000448,Closed Lost,Account 148,note,NA,Partner,false
006XX0000000449,Closed Lost,Account 149,,NA,Partner,false
