Segment,Channel,Tier
S,Web,Silver
M,Phone,Gold
L,Web,Bronze
S,Store,Gold
M,Store,Gold
L,Phone,Bronze
M,Phone,Silver
S,Web,Gold
S,Store,Gold
S,Phone,Gold
S,Store,Silver
S,Store,Gold
L,Phone,Silver
S,Store,Bronze
L,Phone,Bronze
S,Phone,Gold
L,Web,Silver
M,Web,Bronze
S,Web,Bronze
M,Store,Silver
S,Phone,Silver
M,Store,Silver
L,Phone,Bronze
M,Store,Gold
M,Phone,Gold
M,Phone,Bronze
M,Phone,Gold
S,Web,Gold
L,Store,Silver
M,Store,Silver
L,Store,Gold
M,Phone,Gold
M,Store,Bronze
L,Web,Bronze
M,Web,Bronze
S,Phone,Bronze
M,Web,Silver
S,Phone,Silver
S,Store,Gold
L,Store,Silver
M,Store,Silver
S,Web,Gold
S,Phone,Bronze
S,Web,Gold
S,Store,Silver
S,Web,Bronze
L,Store,Gold
M,Web,Bronze
L,Store,Bronze
M,Web,Bronze
S,Web,Bronze
S,Store,Gold
M,Web,Gold
S,Web,Silver
S,Store,Silver
L,Phone,Bronze
M,Web,Gold
L,Web,Gold
S,Phone,Silver
S,Store,Silver
L,Store,Bronze
S,Phone,Silver
M,Store,Gold
S,Store,Gold
M,Web,Silver
M,Web,Bronze
M,Web,Bronze
L,Store,Gold
S,Phone,Gold
L,Web,Silver
M,Store,Silver
S,Web,Silver
S,Store,Gold
L,Store,Bronze
S,Phone,Silver
M,Web,Silver
S,Web,Silver
M,Phone,Bronze
L,Store,Gold
S,Web,Silver
M,Web,Bronze
M,Web,Bronze
L,Web,Gold
M,Web,Gold
L,Phone,Gold
S,Phone,Silver
M,Phone,Gold
M,Store,Silver
S,Web,Silver
S,Store,Bronze
M,Web,Bronze
L,Web,Gold
L,Phone,Silver
S,Web,Gold
L,Store,Gold
M,Store,Bronze
S,Phone,Bronze
M,Web,Silver
L,Store,Bronze
S,Phone,Gold
L,Web,Silver
S,Store,Silver
M,Web,Silver
S,Web,Gold
S,Web,Silver
M,Store,Bronze
S,Phone,Silver
S,Web,Bronze
L,Web,Bronze
M,Phone,Gold
M,Phone,Bronze
S,Web,Gold
L,Store,Bronze
S,Web,Gold
S,Web,Silver
L,Store,Gold
L,Store,Gold
S,Web,Gold
M,Web,Silver
M,Store,Bronze
S,Phone,Bronze
S,Web,Bronze
L,Web,Gold
S,Store,Bronze
L,Web,Gold
S,Store,Silver
S,Web,Gold
L,Store,Gold
M,Phone,Gold
M,Store,Gold
S,Phone,Silver
M,Web,Gold
S,Web,Bronze
L,Store,Gold
S,Phone,Gold
S,Web,Gold
L,Phone,Bronze
S,Web,Silver
S,Phone,Bronze
M,Web,Bronze
L,Web,Gold
L,Web,Silver
M,Web,Bronze
L,Phone,Bronze
S,Phone,Bronze
L,Phone,Gold
M,Store,Silver
S,Store,Silver
L,Store,Gold
M,Phone,Bronze
L,Phone,Bronze
L,Store,Bronze
L,Web,Gold
M,Web,Gold
S,Store,Silver
L,Web,Silver
L,Store,Bronze
S,Phone,Bronze
M,Store,Bronze
M,Phone,Silver
S,Web,Bronze
L,Phone,Bronze
L,Phone,Silver
S,Phone,Silver
L,Web,Gold
M,Phone,Silver
L,Phone,Silver
S,Phone,Bronze
S,Web,Silver
M,Phone,Bronze
S,Phone,Silver
S,Phone,Gold
L,Phone,Silver
L,Store,Gold
S,Web,Bronze
L,Web,Silver
S,Phone,Silver
M,Web,Silver
S,Web,Silver
L,Phone,Silver
M,Phone,Bronze
L,Web,Gold
M,Store,Gold
S,Web,Gold
S,Phone,Bronze
L,Phone,Bronze
M,Store,Gold
L,Store,Bronze
L,Phone,Gold
M,Store,Silver
S,Store,Bronze
M,Phone,Silver
M,Phone,Silver
L,Store,Bronze
L,Phone,Bronze
L,Web,Bronze
M,Phone,Silver
L,Web,Gold
L,Web,Bronze
M,Phone,Silver
L,Web,Bronze
L,Store,Silver
S,Phone,Silver
S,Web,Silver
S,Web,Bronze
L,Store,Gold
M,Web,Bronze
L,Store,Silver
L,Web,Silver
L,Web,Silver
L,Phone,Bronze
S,Store,Bronze
M,Phone,Bronze
M,Store,Silver
M,Web,Bronze
M,Web,Bronze
M,Web,Gold
L,Web,Gold
M,Store,Bronze
S,Store,Silver
S,Store,Silver
M,Phone,Bronze
S,Phone,Silver
M,Web,Bronze
M,Phone,Silver
S,Store,Silver
M,Phone,Silver
M,Phone,Silver
S,Web,Bronze
M,Store,Silver
L,Web,Silver
S,Web,Silver
L,Phone,Bronze
L,Store,Silver
S,Phone,Silver
M,Store,Silver
L,Phone,Bronze
S,Phone,Silver
S,Web,Bronze
L,Store,Silver
M,Store,Silver
M,Web,Gold
L,Web,Bronze
L,Phone,Bronze
S,Phone,Gold
L,Web,Bronze
L,Store,Bronze
S,Phone,Silver
L,Phone,Silver
M,Phone,Silver
M,Web,Bronze
S,Store,Bronze
L,Phone,Bronze
M,Web,Gold
M,Store,Gold
M,Web,Bronze
S,Store,Bronze
S,Store,Silver
M,Web,Bronze
L,Phone,Bronze
S,Web,Gold
L,Web,Bronze
S,Phone,Gold
L,Store,Silver
M,Web,Bronze
L,Store,Silver
L,Phone,Bronze
S,Store,Bronze
L,Phone,Bronze
S,Web,Silver
S,Phone,Bronze
L,Web,Silver
S,Store,Bronze
S,Web,Silver
S,Web,Silver
L,Web,Silver
M,Store,Gold
M,Store,Bronze
L,Web,Gold
L,Phone,Gold
M,Web,Silver
L,Phone,Silver
L,Store,Gold
S,Store,Gold
M,Store,Bronze
L,Web,Gold
S,Web,Bronze
M,Phone,Silver
S,Store,Silver
L,Web,Bronze
S,Phone,Silver
L,Store,Silver
S,Store,Gold
M,Store,Silver
L,Phone,Gold
L,Phone,Bronze
S,Phone,Silver
L,Store,Bronze
M,Web,Silver
L,Web,Gold
M,Web,Silver
S,Web,Bronze
L,Web,Silver
S,Store,Bronze
S,Phone,Gold
L,Store,Silver
L,Web,Bronze
L,Store,Bronze
S,Web,Silver
S,Phone,Gold
L,Store,Bronze
L,Store,Silver
L,Phone,Bronze
S,Store,Bronze
M,Phone,Silver
S,Web,Bronze
S,Store,Silver
M,Web,Bronze
M,Web,Silver
S,Web,Silver
M,Phone,Gold
M,Phone,Silver
S,Web,Bronze
L,Phone,Bronze
M,Web,Silver
M,Store,Gold
S,Store,Silver
L,Phone,Bronze
L,Phone,Gold
M,Web,Gold
S,Web,Gold
L,Store,Bronze
M,Web,Gold
S,Phone,Gold
S,Store,Bronze
S,Phone,Silver
L,Store,Silver
M,Store,Gold
S,Web,Gold
M,Phone,Gold
S,Store,Gold
S,Phone,Silver
L,Store,Bronze
L,Store,Silver
S,Store,Bronze
L,Web,Silver
S,Phone,Bronze
L,Store,Gold
L,Store,Silver
L,Phone,Bronze
S,Web,Silver
L,Phone,Gold
L,Web,Gold
S,Phone,Bronze
L,Web,Bronze
L,Store,Bronze
S,Web,Gold
S,Web,Gold
M,Web,Silver
S,Web,Bronze
S,Store,Bronze
L,Phone,Silver
S,Web,Silver
S,Phone,Gold
L,Web,Gold
S,Store,Gold
L,Store,Silver
S,Store,Silver
S,Web,Gold
L,Store,Gold
L,Store,Bronze
L,Store,Bronze
S,Store,Gold
L,Store,Bronze
M,Phone,Silver
L,Web,Bronze
L,Web,Gold
S,Store,Silver
S,Web,Bronze
L,Store,Gold
L,Phone,Gold
L,Web,Bronze
L,Phone,Bronze
S,Web,Bronze
S,Web,Gold
M,Phone,Silver
M,Phone,Gold
M,Store,Bronze
M,Web,Gold
S,Web,Gold
S,Store,Bronze
L,Web,Bronze
M,Phone,Silver
L,Store,Bronze
S,Store,Gold
S,Web,Bronze
L,Web,Bronze
L,Web,Silver
S,Web,Bronze
M,Phone,Silver
L,Web,Silver
M,Phone,Gold
M,Phone,Gold
S,Phone,Gold
L,Store,Silver
L,Phone,Silver
S,Web,Silver
L,Web,Silver
S,Store,Silver
M,Web,Gold
M,Web,Bronze
S,Web,Gold
M,Phone,Bronze
M,Phone,Gold
L,Web,Silver
S,Web,Bronze
S,Store,Bronze
L,Web,Silver
L,Store,Bronze
S,Store,Gold
