command_id,path,current_agents,mapped_v2_products,v2_disposition,default_v2_surface,required_action
add-skill,commands/add-skill.md,,,preserve-maintainer-command,false,Keep out of the end-user product surface and validate under maintainer policy.
analyze-field-impact,commands/analyze-field-impact.md,field-impact-analyzer,P04,preserve-legacy-alias-or-input,false,Keep compatibility; map useful behavior into typed product commands only when the mapped product is implemented.
analyze-flow,commands/analyze-flow.md,flow-analyzer,P05,preserve-legacy-alias-or-input,false,Keep compatibility; map useful behavior into typed product commands only when the mapped product is implemented.
architect-perms,commands/architect-perms.md,permission-set-architect,P03;P07,preserve-legacy-alias-or-input,false,Keep compatibility; map useful behavior into typed product commands only when the mapped product is implemented.
assess-org,commands/assess-org.md,org-assessor,P10,preserve-legacy-alias-or-input,false,Keep compatibility; map useful behavior into typed product commands only when the mapped product is implemented.
assess-org-health,commands/assess-org-health.md,org-health-assessor-v2,P10,promote-native-product-command,true,Primary P10 entry command.
assess-waf,commands/assess-waf.md,waf-assessor,P10,preserve-legacy-alias-or-input,false,Keep compatibility; map useful behavior into typed product commands only when the mapped product is implemented.
audit-case-escalation,commands/audit-case-escalation.md,audit-router,P05;P10,preserve-legacy-alias-or-input,false,Keep compatibility; map useful behavior into typed product commands only when the mapped product is implemented.
audit-lwc,commands/audit-lwc.md,lwc-auditor,P04;P06,preserve-legacy-alias-or-input,false,Keep compatibility; map useful behavior into typed product commands only when the mapped product is implemented.
audit-record-page,commands/audit-record-page.md,audit-router,P04;P10,preserve-legacy-alias-or-input,false,Keep compatibility; map useful behavior into typed product commands only when the mapped product is implemented.
audit-record-types,commands/audit-record-types.md,audit-router,P03;P04,preserve-legacy-alias-or-input,false,Keep compatibility; map useful behavior into typed product commands only when the mapped product is implemented.
audit-reports,commands/audit-reports.md,audit-router,P07;P10,preserve-legacy-alias-or-input,false,Keep compatibility; map useful behavior into typed product commands only when the mapped product is implemented.
audit-router,commands/audit-router.md,audit-router,P03;P07;P10;P12,preserve-legacy-alias-or-input,false,Keep compatibility; map useful behavior into typed product commands only when the mapped product is implemented.
audit-sharing,commands/audit-sharing.md,audit-router,P03;P07,preserve-legacy-alias-or-input,false,Keep compatibility; map useful behavior into typed product commands only when the mapped product is implemented.
audit-validation-rules,commands/audit-validation-rules.md,audit-router,P04;P05,preserve-legacy-alias-or-input,false,Keep compatibility; map useful behavior into typed product commands only when the mapped product is implemented.
author-config-workbook,commands/author-config-workbook.md,config-workbook-author,P04;P06,preserve-legacy-alias-or-input,false,Keep compatibility; map useful behavior into typed product commands only when the mapped product is implemented.
automation-migration-router,commands/automation-migration-router.md,automation-migration-router,P05,preserve-legacy-alias-or-input,false,Keep compatibility; map useful behavior into typed product commands only when the mapped product is implemented.
build-agentforce-action,commands/build-agentforce-action.md,agentforce-builder,P11,preserve-legacy-alias-or-input,false,Keep compatibility; map useful behavior into typed product commands only when the mapped product is implemented.
build-apex,commands/build-apex.md,apex-builder,,preserve-legacy-command,false,Do not remove; assess from usage evidence before migration or deprecation.
build-changeset,commands/build-changeset.md,changeset-builder,,preserve-legacy-command,false,Do not remove; assess from usage evidence before migration or deprecation.
build-flow,commands/build-flow.md,flow-builder,,preserve-legacy-command,false,Do not remove; assess from usage evidence before migration or deprecation.
build-from-requirements,commands/build-from-requirements.md,,,preserve-legacy-command,false,Ledger row added during live reconciliation; assess disposition.
build-lwc,commands/build-lwc.md,lwc-builder,,preserve-legacy-command,false,Do not remove; assess from usage evidence before migration or deprecation.
build-metadata,commands/build-metadata.md,,,preserve-legacy-command,false,Ledger row added during live reconciliation; assess disposition.
build-skills,commands/build-skills.md,,,preserve-maintainer-command,false,Keep out of the end-user product surface and validate under maintainer policy.
catalog-integrations,commands/catalog-integrations.md,integration-catalog-builder,P08,preserve-legacy-alias-or-input,false,Keep compatibility; map useful behavior into typed product commands only when the mapped product is implemented.
clarify-requirements,commands/clarify-requirements.md,,,preserve-legacy-command,false,Ledger row added during live reconciliation; assess disposition.
compare-orgs,commands/compare-orgs.md,multi-org-drift-analyzer,P12,promote-native-product-command,true,Primary P12 entry command.
configure-business-hours,commands/configure-business-hours.md,business-hours-and-holidays-configurator,,preserve-legacy-command,false,Do not remove; assess from usage evidence before migration or deprecation.
consolidate-triggers,commands/consolidate-triggers.md,trigger-consolidator,P05,preserve-legacy-alias-or-input,false,Keep compatibility; map useful behavior into typed product commands only when the mapped product is implemented.
debug-lwc,commands/debug-lwc.md,lwc-debugger,,preserve-legacy-command,false,Do not remove; assess from usage evidence before migration or deprecation.
design-assignment-rules,commands/design-assignment-rules.md,assignment-and-auto-response-rules-designer,,preserve-legacy-command,false,Do not remove; assess from usage evidence before migration or deprecation.
design-custom-metadata,commands/design-custom-metadata.md,custom-metadata-and-settings-designer,,preserve-legacy-command,false,Do not remove; assess from usage evidence before migration or deprecation.
design-duplicate-rule,commands/design-duplicate-rule.md,duplicate-rule-designer,,preserve-legacy-command,false,Do not remove; assess from usage evidence before migration or deprecation.
design-entitlements,commands/design-entitlements.md,entitlement-and-milestone-designer,,preserve-legacy-command,false,Do not remove; assess from usage evidence before migration or deprecation.
design-experience-cloud,commands/design-experience-cloud.md,experience-cloud-admin-designer,,preserve-legacy-command,false,Do not remove; assess from usage evidence before migration or deprecation.
design-flow-orchestrator,commands/design-flow-orchestrator.md,flow-orchestrator-designer,,preserve-legacy-command,false,Do not remove; assess from usage evidence before migration or deprecation.
design-knowledge-taxonomy,commands/design-knowledge-taxonomy.md,knowledge-article-taxonomy-agent,,preserve-legacy-command,false,Do not remove; assess from usage evidence before migration or deprecation.
design-lead-routing,commands/design-lead-routing.md,lead-routing-rules-designer,,preserve-legacy-command,false,Do not remove; assess from usage evidence before migration or deprecation.
design-object,commands/design-object.md,object-designer,,preserve-legacy-command,false,Do not remove; assess from usage evidence before migration or deprecation.
design-omni-channel,commands/design-omni-channel.md,omni-channel-routing-designer,,preserve-legacy-command,false,Do not remove; assess from usage evidence before migration or deprecation.
design-omnistudio,commands/design-omnistudio.md,omnistudio-designer,,preserve-legacy-command,false,Do not remove; assess from usage evidence before migration or deprecation.
design-path,commands/design-path.md,path-designer,,preserve-legacy-command,false,Do not remove; assess from usage evidence before migration or deprecation.
design-sales-stages,commands/design-sales-stages.md,sales-stage-designer,,preserve-legacy-command,false,Do not remove; assess from usage evidence before migration or deprecation.
design-sandbox-strategy,commands/design-sandbox-strategy.md,sandbox-strategy-designer,,preserve-legacy-command,false,Do not remove; assess from usage evidence before migration or deprecation.
detect-drift,commands/detect-drift.md,audit-router,P12,preserve-legacy-alias-or-input,false,Keep compatibility; map useful behavior into typed product commands only when the mapped product is implemented.
diff-users,commands/diff-users.md,user-access-diff,P03;P12,preserve-legacy-alias-or-input,false,Keep compatibility; map useful behavior into typed product commands only when the mapped product is implemented.
draft-stories,commands/draft-stories.md,story-drafter,,preserve-legacy-command,false,Do not remove; assess from usage evidence before migration or deprecation.
gen-tests,commands/gen-tests.md,test-class-generator,,preserve-legacy-command,false,Do not remove; assess from usage evidence before migration or deprecation.
govern-picklists,commands/govern-picklists.md,audit-router,P04,preserve-legacy-alias-or-input,false,Keep compatibility; map useful behavior into typed product commands only when the mapped product is implemented.
govern-prompt-library,commands/govern-prompt-library.md,audit-router,P11,preserve-legacy-alias-or-input,false,Keep compatibility; map useful behavior into typed product commands only when the mapped product is implemented.
keep-build-docs,commands/keep-build-docs.md,,,preserve-legacy-command,false,Ledger row added during live reconciliation; assess disposition.
map-csv-to-object,commands/map-csv-to-object.md,csv-to-object-mapper,P09,preserve-legacy-alias-or-input,false,Keep compatibility; map useful behavior into typed product commands only when the mapped product is implemented.
map-process-flow,commands/map-process-flow.md,process-flow-mapper,P05,preserve-legacy-alias-or-input,false,Keep compatibility; map useful behavior into typed product commands only when the mapped product is implemented.
migrate-profile-to-permset,commands/migrate-profile-to-permset.md,profile-to-permset-migrator,P03;P07,preserve-legacy-alias-or-input,false,Keep compatibility; map useful behavior into typed product commands only when the mapped product is implemented.
modernize-email-templates,commands/modernize-email-templates.md,email-template-modernizer,,preserve-legacy-command,false,Do not remove; assess from usage evidence before migration or deprecation.
new-agent,commands/new-agent.md,,,preserve-maintainer-command,false,Keep out of the end-user product surface and validate under maintainer policy.
new-skill,commands/new-skill.md,skill-builder,,preserve-maintainer-command,false,Keep out of the end-user product surface and validate under maintainer policy.
onboard-source,commands/onboard-source.md,,,preserve-maintainer-command,false,Keep out of the end-user product surface and validate under maintainer policy.
optimize-soql,commands/optimize-soql.md,soql-optimizer,P04;P05;P10,preserve-legacy-alias-or-input,false,Keep compatibility; map useful behavior into typed product commands only when the mapped product is implemented.
plan-build,commands/plan-build.md,,,preserve-legacy-command,false,Ledger row added during live reconciliation; assess disposition.
plan-bulk-migration,commands/plan-bulk-migration.md,bulk-migration-planner,P09,preserve-legacy-alias-or-input,false,Keep compatibility; map useful behavior into typed product commands only when the mapped product is implemented.
plan-metadata-change,commands/plan-metadata-change.md,change-impact-planner,P04,promote-native-product-command,true,Primary P04 entry command.
plan-release-train,commands/plan-release-train.md,release-train-planner,P06,preserve-legacy-alias-or-input,false,Keep compatibility; map useful behavior into typed product commands only when the mapped product is implemented.
preflight-load,commands/preflight-load.md,data-loader-pre-flight,P09,preserve-legacy-alias-or-input,false,Keep compatibility; map useful behavior into typed product commands only when the mapped product is implemented.
profile-automation,commands/profile-automation.md,automation-transaction-profiler,P05,promote-native-product-command,true,Primary P05 entry command.
reconcile-data-load,commands/reconcile-data-load.md,data-migration-reconciler,P09,promote-native-product-command,true,Primary P09 entry command.
refactor-apex,commands/refactor-apex.md,apex-refactorer,,preserve-legacy-command,false,Do not remove; assess from usage evidence before migration or deprecation.
release-notes,commands/release-notes.md,release-planner,P06,preserve-legacy-alias-or-input,false,Keep compatibility; map useful behavior into typed product commands only when the mapped product is implemented.
request-skill,commands/request-skill.md,,,preserve-maintainer-command,false,Keep out of the end-user product surface and validate under maintainer policy.
review,commands/review.md,code-reviewer,P04;P06,preserve-legacy-alias-or-input,false,Keep compatibility; map useful behavior into typed product commands only when the mapped product is implemented.
review-agentforce-action,commands/review-agentforce-action.md,agentforce-action-reviewer,P11,preserve-legacy-alias-or-input,false,Keep compatibility; map useful behavior into typed product commands only when the mapped product is implemented.
review-agentforce-agent,commands/review-agentforce-agent.md,agentforce-quality-engineer,P11,promote-native-product-command,true,Primary P11 entry command.
review-data-model,commands/review-data-model.md,data-model-reviewer,P04;P10,preserve-legacy-alias-or-input,false,Keep compatibility; map useful behavior into typed product commands only when the mapped product is implemented.
review-release-readiness,commands/review-release-readiness.md,release-readiness-reviewer,P06,promote-native-product-command,true,Primary P06 entry command.
review-security-posture,commands/review-security-posture.md,security-posture-reviewer,P07,promote-native-product-command,true,Primary P07 entry command.
run-build,commands/run-build.md,,,preserve-legacy-command,false,Ledger row added during live reconciliation; assess disposition.
run-build-step,commands/run-build-step.md,,,preserve-legacy-command,false,Ledger row added during live reconciliation; assess disposition.
run-fit-gap,commands/run-fit-gap.md,fit-gap-analyzer,,preserve-legacy-command,false,Do not remove; assess from usage evidence before migration or deprecation.
scan-security,commands/scan-security.md,security-scanner,P07,preserve-legacy-alias-or-input,false,Keep compatibility; map useful behavior into typed product commands only when the mapped product is implemented.
score-deployment,commands/score-deployment.md,deployment-risk-scorer,P01;P06,preserve-legacy-alias-or-input,false,Keep compatibility; map useful behavior into typed product commands only when the mapped product is implemented.
sfskills-doctor,commands/sfskills-doctor.md,,,promote-native-framework-command,true,Framework doctor/install verification; not a legacy alias.
sync-upstream-skills,commands/sync-upstream-skills.md,,,preserve-maintainer-command,false,Keep out of the end-user product surface and validate under maintainer policy.
test-build-step,commands/test-build-step.md,,,preserve-legacy-command,false,Ledger row added during live reconciliation; assess disposition.
triage-apex-tests,commands/triage-apex-tests.md,apex-test-failure-triager,P02,promote-native-product-command,true,Primary P02 entry command; requires independent review and read-only broker.
triage-deployment,commands/triage-deployment.md,deployment-failure-triager,P01,promote-native-product-command,true,Primary P01 entry command; requires independent review and read-only broker.
triage-integration,commands/triage-integration.md,integration-incident-triager,P08,promote-native-product-command,true,Primary P08 entry command.
verify-milestone,commands/verify-milestone.md,,,preserve-legacy-command,false,Ledger row added during live reconciliation; assess disposition.
verify-plan,commands/verify-plan.md,,,preserve-legacy-command,false,Ledger row added during live reconciliation; assess disposition.
why-cant-user,commands/why-cant-user.md,access-path-explainer,P03,promote-native-product-command,true,Primary P03 entry command.
